[
  {
    "id": "a2b1abd1-1563-480b-bfe2-08fa42129025",
    "data": [
      {
        "text": "Can I get an STI from a broken condom",
        "userDefined": false
      }
    ],
    "isTemplate": false,
    "count": 0,
    "updated": 1549144799
  },
  {
    "id": "35c83c65-adf3-4621-91be-6850f69431eb",
    "data": [
      {
        "text": "Can I get pregnant if the condom breaks",
        "userDefined": false
      }
    ],
    "isTemplate": false,
    "count": 0,
    "updated": 1549144799
  },
  {
    "id": "d98f666d-e2df-4582-9383-8cc6a8cba398",
    "data": [
      {
        "text": "What should I do? The condom broke.",
        "userDefined": false
      }
    ],
    "isTemplate": false,
    "count": 0,
    "updated": 1549144799
  },
  {
    "id": "d125f0e0-08de-4c3d-8b38-5d50ba7ec9c4",
    "data": [
      {
        "text": "The condom broke and I\u0027m not on the pill",
        "userDefined": false
      }
    ],
    "isTemplate": false,
    "count": 0,
    "updated": 1549144799
  },
  {
    "id": "41694afa-d444-4eda-8b79-8312a2fe5cd7",
    "data": [
      {
        "text": "The condom broke when having sex",
        "userDefined": false
      }
    ],
    "isTemplate": false,
    "count": 0,
    "updated": 1549144799
  },
  {
    "id": "b3b2c1ce-042e-4196-bbc9-5f7840f1c772",
    "data": [
      {
        "text": "I\u0027m scared the condom broke",
        "userDefined": false
      }
    ],
    "isTemplate": false,
    "count": 0,
    "updated": 1549144799
  },
  {
    "id": "55aca6ea-225b-4d45-a0e5-aa34a9ff9e85",
    "data": [
      {
        "text": "I don\u0027t know what to do my condom broke",
        "userDefined": false
      }
    ],
    "isTemplate": false,
    "count": 0,
    "updated": 1549144799
  },
  {
    "id": "0b1bbc46-b7f6-463f-94a2-f5af1a264783",
    "data": [
      {
        "text": "Condom broke",
        "userDefined": false
      }
    ],
    "isTemplate": false,
    "count": 0,
    "updated": 1549144799
  },
  {
    "id": "8c0a8c5f-32cf-4f66-8332-d7a12f18da93",
    "data": [
      {
        "text": "My condom broke I don\u0027t know what to do",
        "userDefined": false
      }
    ],
    "isTemplate": false,
    "count": 0,
    "updated": 1549144799
  }
]