[
  {
    "id": "ca23fef8-ed74-4345-a199-406c18d68160",
    "data": [
      {
        "text": "ELLE!elle",
        "userDefined": false
      }
    ],
    "isTemplate": false,
    "count": 0,
    "updated": 1549151008
  },
  {
    "id": "dd1767a3-ddc6-4534-a74e-ed72c923eb95",
    "data": [
      {
        "text": "hi ",
        "userDefined": false
      },
      {
        "text": "elle",
        "meta": "@sys.ignore",
        "userDefined": false
      }
    ],
    "isTemplate": false,
    "count": 0,
    "updated": 1549151008
  },
  {
    "id": "5b22964b-27e2-44b2-87f6-20fdfa7bec8a",
    "data": [
      {
        "text": "Hey, ",
        "userDefined": false
      },
      {
        "text": "Elle",
        "meta": "@sys.ignore",
        "userDefined": false
      },
      {
        "text": "!",
        "userDefined": false
      }
    ],
    "isTemplate": false,
    "count": 0,
    "updated": 1549151008
  },
  {
    "id": "077d90b6-d8d7-4656-9dd3-d6483b2dd721",
    "data": [
      {
        "text": "just going to say hi",
        "userDefined": false
      }
    ],
    "isTemplate": false,
    "count": 0,
    "updated": 0
  },
  {
    "id": "3c8cca01-1d17-43e8-b01b-c445b165edab",
    "data": [
      {
        "text": "heya",
        "userDefined": false
      }
    ],
    "isTemplate": false,
    "count": 0,
    "updated": 0
  },
  {
    "id": "5e99c2b1-15ce-4b54-9cd7-b3573145cd47",
    "data": [
      {
        "text": "hello hi",
        "userDefined": false
      }
    ],
    "isTemplate": false,
    "count": 0,
    "updated": 0
  },
  {
    "id": "8e273df9-0f68-4071-99b4-723a69fc4639",
    "data": [
      {
        "text": "howdy",
        "userDefined": false
      }
    ],
    "isTemplate": false,
    "count": 0,
    "updated": 0
  },
  {
    "id": "3d19ff3a-9ab0-45e4-9c47-c98d4524a210",
    "data": [
      {
        "text": "hey there",
        "userDefined": false
      }
    ],
    "isTemplate": false,
    "count": 0,
    "updated": 0
  },
  {
    "id": "5cbb5720-69ef-443b-beeb-a27e6624d9df",
    "data": [
      {
        "text": "hi there",
        "userDefined": false
      }
    ],
    "isTemplate": false,
    "count": 1,
    "updated": 0
  },
  {
    "id": "f0c77218-2f6d-408e-925b-db6bbf9a0c90",
    "data": [
      {
        "text": "hey",
        "userDefined": false
      }
    ],
    "isTemplate": false,
    "count": 0,
    "updated": 0
  },
  {
    "id": "34873d4c-e026-4c5e-b37c-b525315df218",
    "data": [
      {
        "text": "long time no see",
        "userDefined": false
      }
    ],
    "isTemplate": false,
    "count": 0,
    "updated": 0
  },
  {
    "id": "91a0f3f9-0050-44d8-8a1e-38589b202c1f",
    "data": [
      {
        "text": "hello",
        "userDefined": false
      }
    ],
    "isTemplate": false,
    "count": 0,
    "updated": 0
  },
  {
    "id": "24e28ac2-0b6d-4ee6-a191-05d95c42cca2",
    "data": [
      {
        "text": "lovely day isn\u0027t it",
        "userDefined": false
      }
    ],
    "isTemplate": false,
    "count": 0,
    "updated": 0
  },
  {
    "id": "c52a63d3-68b7-442f-92e6-18300c0b7f88",
    "data": [
      {
        "text": "I greet you",
        "userDefined": false
      }
    ],
    "isTemplate": false,
    "count": 0,
    "updated": 0
  },
  {
    "id": "c49537da-6f26-4007-83b3-2a856f288041",
    "data": [
      {
        "text": "hello again",
        "userDefined": false
      }
    ],
    "isTemplate": false,
    "count": 0,
    "updated": 0
  },
  {
    "id": "eaf78fbc-738e-46d7-82b7-56d4efdcb211",
    "data": [
      {
        "text": "hi",
        "userDefined": false
      }
    ],
    "isTemplate": false,
    "count": 0,
    "updated": 0
  },
  {
    "id": "e5414029-9e56-48ff-bc4c-d8ffa2af54dc",
    "data": [
      {
        "text": "hello there",
        "userDefined": false
      }
    ],
    "isTemplate": false,
    "count": 0,
    "updated": 0
  },
  {
    "id": "e8b73b4f-78ac-4895-b2d1-df08abd5ac02",
    "data": [
      {
        "text": "a good day",
        "userDefined": false
      }
    ],
    "isTemplate": false,
    "count": 0,
    "updated": 0
  }
]