[
  {
    "id": "3b89babe-e50f-4ec9-a58e-712d6bd4732d",
    "data": [
      {
        "text": "School Resources",
        "userDefined": false
      }
    ],
    "isTemplate": false,
    "count": 0,
    "updated": 1549158946
  },
  {
    "id": "38e47c52-9ad7-48ff-bd0c-9bd689fcd197",
    "data": [
      {
        "text": "I would like to see a psychologist",
        "userDefined": false
      }
    ],
    "isTemplate": false,
    "count": 0,
    "updated": 1549157845
  },
  {
    "id": "4e6d9c51-1ae4-45cc-9088-15d5fe19c570",
    "data": [
      {
        "text": "Does my school provide therapy?",
        "userDefined": false
      }
    ],
    "isTemplate": false,
    "count": 0,
    "updated": 1549157845
  },
  {
    "id": "44e16d96-e327-4bf0-9e96-8b1a79f4294f",
    "data": [
      {
        "text": "I would like to see a therapist at my school",
        "userDefined": false
      }
    ],
    "isTemplate": false,
    "count": 0,
    "updated": 1549157845
  },
  {
    "id": "12b10e11-b67b-45fa-93bd-2188d14587f9",
    "data": [
      {
        "text": "I want to see a therapist",
        "userDefined": false
      }
    ],
    "isTemplate": false,
    "count": 0,
    "updated": 1549157845
  }
]