[
  {
    "id": "e4ad96cf-c122-427b-9134-afbf6d6318c1",
    "data": [
      {
        "text": "Suicidal Thoughts",
        "userDefined": false
      }
    ],
    "isTemplate": false,
    "count": 0,
    "updated": 1549158769
  },
  {
    "id": "651ddc7f-96f5-4251-8afc-8fbba8f1ece7",
    "data": [
      {
        "text": "I am going to overdose to kill myself",
        "userDefined": false
      }
    ],
    "isTemplate": false,
    "count": 0,
    "updated": 1549155652
  },
  {
    "id": "700e3ae8-4c55-4ae7-9a85-fd180e563692",
    "data": [
      {
        "text": "I have a plan to kill myself",
        "userDefined": false
      }
    ],
    "isTemplate": false,
    "count": 0,
    "updated": 1549155652
  },
  {
    "id": "357b7fae-0fd0-443e-9040-d799648f4bd9",
    "data": [
      {
        "text": "I want to kill myself, I even have a plan",
        "userDefined": false
      }
    ],
    "isTemplate": false,
    "count": 0,
    "updated": 1549155652
  }
]