[
  {
    "id": "907ccdda-db9d-4911-9ed5-8042603f67f8",
    "data": [
      {
        "text": "I\u0027m having relationship issues",
        "userDefined": false
      }
    ],
    "isTemplate": false,
    "count": 0,
    "updated": 1549166326
  },
  {
    "id": "e5f1a00e-05ea-431d-8872-acfee80f1034",
    "data": [
      {
        "text": "Im having issues with my significant other",
        "userDefined": false
      }
    ],
    "isTemplate": false,
    "count": 0,
    "updated": 1549166326
  },
  {
    "id": "002e2ffb-9ce0-4cb2-942b-f98d1c052877",
    "data": [
      {
        "text": "Im having love \u0026 ",
        "userDefined": false
      },
      {
        "text": "relationship",
        "meta": "@sys.ignore",
        "userDefined": true
      },
      {
        "text": " issues",
        "userDefined": false
      }
    ],
    "isTemplate": false,
    "count": 0,
    "updated": 1549166326
  },
  {
    "id": "585fbee7-db14-4940-9164-771c3e31ed75",
    "data": [
      {
        "text": "Love \u0026 Relationships",
        "userDefined": false
      }
    ],
    "isTemplate": false,
    "count": 0,
    "updated": 1549166091
  }
]